{
  "custom": {},
  "params": {},
  "propConfig": {
    "params.feature": {
      "paramDirection": "input"
    },
    "params.key": {
      "paramDirection": "input"
    },
    "params.tier1": {
      "paramDirection": "input"
    },
    "params.tier2": {
      "paramDirection": "input"
    }
  },
  "props": {},
  "root": {
    "children": [
      {
        "meta": {
          "name": "Title"
        },
        "position": {
          "basis": "56px",
          "shrink": 0
        },
        "props": {
          "params": {
            "icon": "edit",
            "text": "SCADA Control"
          },
          "path": "Page/Embedded/Title"
        },
        "type": "ia.display.view"
      },
      {
        "meta": {
          "hasDelegate": true,
          "name": "Spacer_1"
        },
        "position": {
          "basis": "12px",
          "shrink": 0
        },
        "type": "ia.display.label"
      },
      {
        "meta": {
          "hasDelegate": true,
          "name": "Welcome"
        },
        "position": {
          "basis": "20px",
          "shrink": 0
        },
        "props": {
          "style": {
            "classes": "Page/Bold Page/Margins Page/Text"
          },
          "text": "Demo SCADA Control Page"
        },
        "type": "ia.display.label"
      },
      {
        "meta": {
          "hasDelegate": true,
          "name": "Spacer_2"
        },
        "position": {
          "basis": "10px",
          "shrink": 0
        },
        "type": "ia.display.label"
      },
      {
        "meta": {
          "hasDelegate": true,
          "name": "Description"
        },
        "position": {
          "shrink": 0
        },
        "props": {
          "style": {
            "classes": "Page/Text Page/Margins"
          },
          "text": "This is a demostration of a SCADA page from which you can control plant floor variables."
        },
        "type": "ia.display.label"
      },
      {
        "meta": {
          "hasDelegate": true,
          "name": "Spacer_3"
        },
        "position": {
          "basis": "10px",
          "shrink": 0
        },
        "type": "ia.display.label"
      },
      {
        "children": [
          {
            "meta": {
              "name": "Slider_0",
              "tooltip": {
                "enabled": true,
                "text": "Value to send to PLC"
              }
            },
            "position": {
              "height": 0.049,
              "width": 0.7096,
              "x": 0.1475,
              "y": 0.2163
            },
            "propConfig": {
              "props.value": {
                "binding": {
                  "config": {
                    "bidirectional": true,
                    "fallbackDelay": 2.5,
                    "mode": "direct",
                    "publishInitial": false,
                    "tagPath": "[default]OPC-UA_Data/SCADA_Controls/SliderValue_SCADA"
                  },
                  "type": "tag"
                }
              }
            },
            "props": {
              "labels": {
                "interval": 25,
                "show": true
              },
              "step": 0.5
            },
            "type": "ia.input.slider"
          },
          {
            "meta": {
              "name": "Checkbox",
              "tooltip": {
                "enabled": true,
                "text": "Turn on/off LED"
              }
            },
            "position": {
              "height": 0.2168,
              "rotate": {
                "anchor": "25% 50%"
              },
              "width": 0.1489,
              "x": 0.2241,
              "y": 0.3869
            },
            "propConfig": {
              "props.selected": {
                "binding": {
                  "config": {
                    "bidirectional": true,
                    "fallbackDelay": 2.5,
                    "mode": "direct",
                    "publishInitial": false,
                    "tagPath": "[default]OPC-UA_Data/SCADA_Controls/LED_SCADA"
                  },
                  "type": "tag"
                }
              }
            },
            "props": {
              "text": "LED Control"
            },
            "type": "ia.input.checkbox"
          },
          {
            "meta": {
              "name": "ToggleSwitch",
              "tooltip": {
                "enabled": true,
                "text": "Turn on/off motor"
              }
            },
            "position": {
              "height": 0.2517,
              "rotate": {
                "anchor": "25% 50%"
              },
              "width": 0.2003,
              "x": 0.6359,
              "y": 0.3845
            },
            "propConfig": {
              "props.selected": {
                "binding": {
                  "config": {
                    "bidirectional": true,
                    "fallbackDelay": 2.5,
                    "mode": "direct",
                    "publishInitial": false,
                    "tagPath": "[default]OPC-UA_Data/SCADA_Controls/Motor_SCADA"
                  },
                  "type": "tag"
                }
              }
            },
            "props": {
              "label": {
                "text": "Motor Control"
              }
            },
            "type": "ia.input.toggle-switch"
          },
          {
            "meta": {
              "name": "TextField",
              "tooltip": {
                "enabled": true,
                "text": "Text to send to PLC"
              }
            },
            "position": {
              "height": 0.1469,
              "rotate": {
                "anchor": "50% 39%"
              },
              "width": 0.3104,
              "x": 0.353,
              "y": 0.7138
            },
            "propConfig": {
              "props.text": {
                "binding": {
                  "config": {
                    "bidirectional": true,
                    "fallbackDelay": 2.5,
                    "mode": "direct",
                    "tagPath": "[default]OPC-UA_Data/SCADA_Controls/Status_SCADA"
                  },
                  "type": "tag"
                }
              }
            },
            "props": {
              "placeholder": "Enter text here..."
            },
            "type": "ia.input.text-field"
          },
          {
            "meta": {
              "name": "Label"
            },
            "position": {
              "height": 0.1119,
              "width": 0.1126,
              "x": 0.4506,
              "y": 0.0798
            },
            "props": {
              "text": "PLC Setpoint"
            },
            "type": "ia.display.label"
          },
          {
            "meta": {
              "name": "Label_0"
            },
            "position": {
              "height": 0.1119,
              "width": 0.1252,
              "x": 0.4455,
              "y": 0.5989
            },
            "props": {
              "text": "PLC Text Input"
            },
            "type": "ia.display.label"
          }
        ],
        "meta": {
          "name": "CoordinateContainer"
        },
        "position": {
          "grow": 1,
          "shrink": 0
        },
        "props": {
          "mode": "percent"
        },
        "type": "ia.container.coord"
      },
      {
        "children": [
          {
            "children": [
              {
                "meta": {
                  "name": "NFC_Label"
                },
                "position": {
                  "basis": "32px"
                },
                "props": {
                  "style": {
                    "fontSize": "16px",
                    "fontWeight": "bold",
                    "marginBottom": "10px"
                  },
                  "text": "Barcode Scanner"
                },
                "type": "ia.display.label"
              },
              {
                "meta": {
                  "name": "Barcode 2"
                },
                "position": {
                  "basis": "50px"
                },
                "props": {
                  "elements": [
                    {
                      "d": "M0,0 l999,0 0,666 -999,0 0,-666z",
                      "fill": {
                        "paint": "#fff"
                      },
                      "name": "path",
                      "style": {},
                      "type": "path"
                    },
                    {
                      "d": "M0,0 l61,0 0,666 -61,0 0,-666z",
                      "fill": {
                        "paint": "#000"
                      },
                      "name": "path",
                      "style": {},
                      "type": "path"
                    },
                    {
                      "d": "M83,0 l62,0 0,666 -62,0 0,-666z",
                      "fill": {
                        "paint": "#000"
                      },
                      "name": "path",
                      "style": {},
                      "type": "path"
                    },
                    {
                      "d": "M209,0 l62,0 0,666 -62,0 0,-666z",
                      "fill": {
                        "paint": "#000"
                      },
                      "name": "path",
                      "style": {},
                      "type": "path"
                    },
                    {
                      "d": "M291,0 l20,0 0,666 -20,0 0,-666z",
                      "fill": {
                        "paint": "#000"
                      },
                      "name": "path",
                      "style": {},
                      "type": "path"
                    },
                    {
                      "d": "M333,0 l42,0 0,666 -42,0 0,-666z",
                      "fill": {
                        "paint": "#000"
                      },
                      "name": "path",
                      "style": {},
                      "type": "path"
                    },
                    {
                      "d": "M395,0 l42,0 0,666 -42,0 0,-666z",
                      "fill": {
                        "paint": "#000"
                      },
                      "name": "path",
                      "style": {},
                      "type": "path"
                    },
                    {
                      "d": "M499,0 l62,0 0,666 -62,0 0,-666z",
                      "fill": {
                        "paint": "#000"
                      },
                      "name": "path",
                      "style": {},
                      "type": "path"
                    },
                    {
                      "d": "M583,0 l62,0 0,666 -62,0 0,-666z",
                      "fill": {
                        "paint": "#000"
                      },
                      "name": "path",
                      "style": {},
                      "type": "path"
                    },
                    {
                      "d": "M791,0 l62,0 0,666 -62,0 0,-666z",
                      "fill": {
                        "paint": "#000"
                      },
                      "name": "path",
                      "style": {},
                      "type": "path"
                    },
                    {
                      "d": "M665,0 l20,0 0,666 -20,0 0,-666z",
                      "fill": {
                        "paint": "#000"
                      },
                      "name": "path",
                      "style": {},
                      "type": "path"
                    },
                    {
                      "d": "M749,0 l20,0 0,666 -20,0 0,-666z",
                      "fill": {
                        "paint": "#000"
                      },
                      "name": "path",
                      "style": {},
                      "type": "path"
                    },
                    {
                      "d": "M875,0 l20,0 0,666 -20,0 0,-666z",
                      "fill": {
                        "paint": "#000"
                      },
                      "name": "path",
                      "style": {},
                      "type": "path"
                    },
                    {
                      "d": "M917,0 l42,0 0,666 -42,0 0,-666z",
                      "fill": {
                        "paint": "#000"
                      },
                      "name": "path",
                      "style": {},
                      "type": "path"
                    },
                    {
                      "d": "M979,0 l20,0 0,666 -20,0 0,-666z",
                      "fill": {
                        "paint": "#000"
                      },
                      "name": "path",
                      "style": {},
                      "type": "path"
                    }
                  ],
                  "style": {
                    "marginBottom": "10px"
                  },
                  "viewBox": "0 0 999 666"
                },
                "type": "ia.shapes.svg"
              },
              {
                "custom": {
                  "key": "value"
                },
                "events": {
                  "dom": {
                    "onClick": {
                      "config": {
                        "config": {}
                      },
                      "scope": "C",
                      "type": "native/barcode"
                    }
                  }
                },
                "meta": {
                  "name": "Scan"
                },
                "propConfig": {
                  "props.enabled": {
                    "binding": {
                      "config": {
                        "path": "parent.custom.mobile"
                      },
                      "type": "property"
                    }
                  },
                  "props.text": {
                    "binding": {
                      "config": {
                        "path": "this.props.enabled"
                      },
                      "transforms": [
                        {
                          "fallback": "Scan Barcode (Disabled)",
                          "inputType": "scalar",
                          "mappings": [
                            {
                              "input": true,
                              "output": "Scan Barcode"
                            }
                          ],
                          "outputType": "scalar",
                          "type": "map"
                        }
                      ],
                      "type": "property"
                    }
                  }
                },
                "props": {
                  "style": {
                    "classes": "Button_Action",
                    "marginBottom": "10px",
                    "width": "140px"
                  }
                },
                "type": "ia.input.button"
              },
              {
                "meta": {
                  "name": "Barcodes"
                },
                "position": {
                  "grow": 1
                },
                "propConfig": {
                  "props.text": {
                    "binding": {
                      "config": {
                        "path": "session.custom.device.barcode"
                      },
                      "type": "property"
                    }
                  }
                },
                "props": {
                  "resize": "both",
                  "style": {
                    "borderColor": "#CCCCCC",
                    "borderRadius": "4px",
                    "borderStyle": "solid",
                    "borderWidth": "1px",
                    "width": "auto"
                  }
                },
                "type": "ia.input.text-area"
              }
            ],
            "meta": {
              "name": "Barcode"
            },
            "propConfig": {
              "custom.mobile": {
                "binding": {
                  "config": {
                    "expression": "lower(left({session.props.device.type},3)) \u003d \"ios\" || left({session.props.device.type},7) \u003d \"android\""
                  },
                  "type": "expr"
                }
              }
            },
            "props": {
              "alignItems": "center",
              "direction": "column",
              "style": {
                "borderColor": "var(--neutral-50)",
                "borderStyle": "solid",
                "borderWidth": "2px",
                "height": "auto",
                "marginBottom": "20px",
                "overflow": "visible"
              }
            },
            "type": "ia.container.flex"
          },
          {
            "children": [
              {
                "meta": {
                  "name": "FileUpload_Label"
                },
                "position": {
                  "basis": "32px"
                },
                "props": {
                  "style": {
                    "fontSize": "16px",
                    "fontWeight": "bold",
                    "marginBottom": "10px"
                  },
                  "text": "File Upload"
                },
                "type": "ia.display.label"
              },
              {
                "meta": {
                  "name": "Icon"
                },
                "position": {
                  "shrink": 0
                },
                "props": {
                  "path": "material/publish",
                  "style": {
                    "height": "70px",
                    "marginBottom": "10px",
                    "width": "70px"
                  }
                },
                "type": "ia.display.icon"
              },
              {
                "meta": {
                  "name": "FileUpload"
                },
                "position": {
                  "grow": 1
                },
                "props": {
                  "style": {
                    "width": "260px"
                  }
                },
                "type": "ia.input.fileupload"
              }
            ],
            "meta": {
              "name": "File Upload"
            },
            "props": {
              "alignItems": "center",
              "direction": "column",
              "style": {
                "borderColor": "var(--neutral-50)",
                "borderStyle": "solid",
                "borderWidth": "2px",
                "height": "auto",
                "marginBottom": "20px",
                "overflow": "visible"
              }
            },
            "type": "ia.container.flex"
          }
        ],
        "meta": {
          "name": "FlexContainer"
        },
        "position": {
          "basis": "35px",
          "grow": 1,
          "shrink": 0
        },
        "props": {
          "justify": "space-evenly"
        },
        "type": "ia.container.flex"
      }
    ],
    "meta": {
      "name": "root"
    },
    "props": {
      "alignContent": "center",
      "direction": "column",
      "justify": "space-evenly",
      "style": {
        "classes": "Page/Page"
      }
    },
    "type": "ia.container.flex"
  }
}