{
  "custom": {},
  "params": {},
  "propConfig": {
    "params.feature": {
      "paramDirection": "input"
    },
    "params.key": {
      "paramDirection": "input"
    },
    "params.tier1": {
      "paramDirection": "input"
    },
    "params.tier2": {
      "paramDirection": "input"
    }
  },
  "props": {},
  "root": {
    "children": [
      {
        "meta": {
          "name": "Title"
        },
        "position": {
          "basis": "56px",
          "shrink": 0
        },
        "props": {
          "params": {
            "icon": "home",
            "text": "SCADA Monitoring"
          },
          "path": "Page/Embedded/Title"
        },
        "type": "ia.display.view"
      },
      {
        "meta": {
          "hasDelegate": true,
          "name": "Spacer_1"
        },
        "position": {
          "basis": "12px",
          "shrink": 0
        },
        "type": "ia.display.label"
      },
      {
        "meta": {
          "hasDelegate": true,
          "name": "Welcome"
        },
        "position": {
          "basis": "20px",
          "shrink": 0
        },
        "props": {
          "style": {
            "classes": "Page/Bold Page/Margins Page/Text"
          },
          "text": "Demo SCADA Monitoring Page"
        },
        "type": "ia.display.label"
      },
      {
        "meta": {
          "hasDelegate": true,
          "name": "Spacer_2"
        },
        "position": {
          "basis": "10px",
          "shrink": 0
        },
        "type": "ia.display.label"
      },
      {
        "meta": {
          "hasDelegate": true,
          "name": "Description"
        },
        "position": {
          "shrink": 0
        },
        "props": {
          "style": {
            "classes": "Page/Text Page/Margins"
          },
          "text": "This is a demostration of a SCADA page from which you can monitor plant floor variables. Check out the Charts page for more visualizations of the floor data."
        },
        "type": "ia.display.label"
      },
      {
        "meta": {
          "hasDelegate": true,
          "name": "Spacer_3"
        },
        "position": {
          "basis": "10px",
          "shrink": 0
        },
        "type": "ia.display.label"
      },
      {
        "children": [
          {
            "meta": {
              "name": "LedDisplay"
            },
            "position": {
              "height": 0.1405,
              "width": 0.1602,
              "x": 0.0639,
              "y": 0.4522
            },
            "propConfig": {
              "props.value": {
                "binding": {
                  "config": {
                    "fallbackDelay": 2.5,
                    "mode": "direct",
                    "tagPath": "[default]OPC-UA_Data/Sensors/Distance"
                  },
                  "type": "tag"
                }
              }
            },
            "type": "ia.display.led-display"
          },
          {
            "meta": {
              "name": "Label"
            },
            "position": {
              "height": 0.1463,
              "width": 0.0788,
              "x": 0.1115,
              "y": 0.3008
            },
            "props": {
              "text": "Distance"
            },
            "type": "ia.display.label"
          },
          {
            "meta": {
              "name": "LedDisplay_0"
            },
            "position": {
              "height": 0.1405,
              "width": 0.1602,
              "x": 0.3956,
              "y": 0.4615
            },
            "propConfig": {
              "props.value": {
                "binding": {
                  "config": {
                    "fallbackDelay": 2.5,
                    "mode": "direct",
                    "publishInitial": false,
                    "tagPath": "[default]OPC-UA_Data/Sensors/Temperature"
                  },
                  "type": "tag"
                }
              }
            },
            "type": "ia.display.led-display"
          },
          {
            "meta": {
              "name": "Label_0"
            },
            "position": {
              "height": 0.1405,
              "width": 0.0626,
              "x": 0.2314,
              "y": 0.4522
            },
            "props": {
              "alignVertical": "bottom",
              "text": "cm"
            },
            "type": "ia.display.label"
          },
          {
            "meta": {
              "name": "Label_1"
            },
            "position": {
              "height": 0.1405,
              "width": 0.1176,
              "x": 0.4154,
              "y": 0.3098
            },
            "props": {
              "text": "Temperature"
            },
            "type": "ia.display.label"
          },
          {
            "meta": {
              "name": "Label_2"
            },
            "position": {
              "height": 0.1463,
              "width": 0.0626,
              "x": 0.5631,
              "y": 0.4659
            },
            "props": {
              "alignVertical": "bottom",
              "text": "°C"
            },
            "type": "ia.display.label"
          },
          {
            "meta": {
              "name": "LedDisplay_1"
            },
            "position": {
              "height": 0.1405,
              "width": 0.1602,
              "x": 0.7096,
              "y": 0.4793
            },
            "propConfig": {
              "props.value": {
                "binding": {
                  "config": {
                    "fallbackDelay": 2.5,
                    "mode": "direct",
                    "publishInitial": false,
                    "tagPath": "[default]OPC-UA_Data/Sensors/Humidity"
                  },
                  "type": "tag"
                }
              }
            },
            "type": "ia.display.led-display"
          },
          {
            "meta": {
              "name": "Label_3"
            },
            "position": {
              "height": 0.1405,
              "width": 0.0864,
              "x": 0.7522,
              "y": 0.3274
            },
            "props": {
              "text": "Humidity"
            },
            "type": "ia.display.label"
          },
          {
            "meta": {
              "name": "Label_4"
            },
            "position": {
              "height": 0.1463,
              "width": 0.0626,
              "x": 0.876,
              "y": 0.4748
            },
            "props": {
              "alignVertical": "bottom",
              "text": "%"
            },
            "type": "ia.display.label"
          }
        ],
        "meta": {
          "name": "CoordinateContainer"
        },
        "position": {
          "basis": "200px",
          "shrink": 0
        },
        "props": {
          "mode": "percent"
        },
        "type": "ia.container.coord"
      },
      {
        "children": [
          {
            "meta": {
              "name": "IFrame"
            },
            "position": {
              "height": 0.9075,
              "width": 0.2866,
              "x": 0.03,
              "y": 0.0497
            },
            "props": {
              "style": {
                "border": "set",
                "borderColor": "#000000",
                "borderStyle": "solid",
                "borderWidth": 2
              }
            },
            "type": "ia.display.iframe"
          },
          {
            "meta": {
              "name": "IFrame_0"
            },
            "position": {
              "height": 0.9075,
              "width": 0.2866,
              "x": 0.3587,
              "y": 0.0447
            },
            "props": {
              "style": {
                "border": "set",
                "borderColor": "#000000",
                "borderStyle": "solid",
                "borderWidth": 2
              }
            },
            "type": "ia.display.iframe"
          },
          {
            "meta": {
              "name": "IFrame_1"
            },
            "position": {
              "height": 0.9075,
              "width": 0.2866,
              "x": 0.683,
              "y": 0.0472
            },
            "props": {
              "style": {
                "border": "set",
                "borderColor": "#000000",
                "borderStyle": "solid",
                "borderWidth": 2
              }
            },
            "type": "ia.display.iframe"
          },
          {
            "meta": {
              "name": "SimpleGauge"
            },
            "position": {
              "height": 0.26,
              "width": 0.234,
              "x": 0.055,
              "y": 0.2425
            },
            "propConfig": {
              "props.value": {
                "binding": {
                  "config": {
                    "fallbackDelay": 2.5,
                    "mode": "direct",
                    "tagPath": "[MQTT Engine]Edge Nodes/Sparkplug Devices/Node-Red/MQTT_Devices/Device1/D1_AI1"
                  },
                  "type": "tag"
                }
              }
            },
            "props": {
              "maxValue": 1000,
              "style": {
                "classes": []
              }
            },
            "type": "ia.chart.simple-gauge"
          },
          {
            "meta": {
              "name": "Button"
            },
            "position": {
              "height": 0.085,
              "rotate": {
                "anchor": "50% 38%"
              },
              "width": 0.0488,
              "x": 0.0814,
              "y": 0.59
            },
            "propConfig": {
              "meta.visible": {
                "binding": {
                  "config": {
                    "fallbackDelay": 2.5,
                    "mode": "direct",
                    "tagPath": "[MQTT Engine]Edge Nodes/Sparkplug Devices/Node-Red/MQTT_Devices/Device1/D1_DI1"
                  },
                  "type": "tag"
                }
              }
            },
            "props": {
              "enabled": false,
              "image": {
                "position": "center"
              },
              "style": {
                "backgroundColor": "#00FF00"
              },
              "text": ""
            },
            "type": "ia.input.button"
          },
          {
            "meta": {
              "name": "Label"
            },
            "position": {
              "height": 0.08,
              "width": 0.1314,
              "x": 0.1377,
              "y": 0.595
            },
            "props": {
              "text": "Digital Sensor 1"
            },
            "type": "ia.display.label"
          },
          {
            "meta": {
              "name": "Label_0"
            },
            "position": {
              "height": 0.08,
              "width": 0.1489,
              "x": 0.1064,
              "y": 0.155
            },
            "props": {
              "text": "Analog Sensor 1"
            },
            "type": "ia.display.label"
          },
          {
            "meta": {
              "name": "Label_1"
            },
            "position": {
              "height": 0.08,
              "width": 0.1314,
              "x": 0.1389,
              "y": 0.7575
            },
            "props": {
              "text": "Digital Sensor 2"
            },
            "type": "ia.display.label"
          },
          {
            "meta": {
              "name": "Button_0"
            },
            "position": {
              "height": 0.085,
              "rotate": {
                "anchor": "50% 38%"
              },
              "width": 0.0488,
              "x": 0.0826,
              "y": 0.7525
            },
            "propConfig": {
              "meta.visible": {
                "binding": {
                  "config": {
                    "fallbackDelay": 2.5,
                    "mode": "direct",
                    "tagPath": "[MQTT Engine]Edge Nodes/Sparkplug Devices/Node-Red/MQTT_Devices/Device1/D1_DI2"
                  },
                  "type": "tag"
                }
              }
            },
            "props": {
              "enabled": false,
              "image": {
                "position": "center"
              },
              "style": {
                "backgroundColor": "#00FF00"
              },
              "text": ""
            },
            "type": "ia.input.button"
          },
          {
            "meta": {
              "name": "SimpleGauge_0"
            },
            "position": {
              "height": 0.26,
              "width": 0.234,
              "x": 0.3841,
              "y": 0.2425
            },
            "propConfig": {
              "props.value": {
                "binding": {
                  "config": {
                    "fallbackDelay": 2.5,
                    "mode": "direct",
                    "tagPath": "[MQTT Engine]Edge Nodes/Sparkplug Devices/Node-Red/MQTT_Devices/Device2/D2_AI1"
                  },
                  "type": "tag"
                }
              }
            },
            "props": {
              "maxValue": 500,
              "style": {
                "classes": []
              }
            },
            "type": "ia.chart.simple-gauge"
          },
          {
            "meta": {
              "name": "Label_2"
            },
            "position": {
              "height": 0.08,
              "width": 0.1489,
              "x": 0.4355,
              "y": 0.155
            },
            "props": {
              "text": "Analog Sensor 1"
            },
            "type": "ia.display.label"
          },
          {
            "meta": {
              "name": "Label_3"
            },
            "position": {
              "height": 0.08,
              "width": 0.1489,
              "x": 0.1064,
              "y": 0.155
            },
            "props": {
              "text": "Analog Sensor 1"
            },
            "type": "ia.display.label"
          },
          {
            "meta": {
              "name": "Label_4"
            },
            "position": {
              "height": 0.08,
              "width": 0.1314,
              "x": 0.4619,
              "y": 0.5925
            },
            "props": {
              "text": "Digital Sensor 1"
            },
            "type": "ia.display.label"
          },
          {
            "meta": {
              "name": "Button_1"
            },
            "position": {
              "height": 0.085,
              "rotate": {
                "anchor": "50% 38%"
              },
              "width": 0.0488,
              "x": 0.4055,
              "y": 0.5875
            },
            "propConfig": {
              "meta.visible": {
                "binding": {
                  "config": {
                    "fallbackDelay": 2.5,
                    "mode": "direct",
                    "tagPath": "[MQTT Engine]Edge Nodes/Sparkplug Devices/Node-Red/MQTT_Devices/Device2/D2_DI1"
                  },
                  "type": "tag"
                }
              }
            },
            "props": {
              "enabled": false,
              "image": {
                "position": "center"
              },
              "style": {
                "backgroundColor": "#00FF00"
              },
              "text": ""
            },
            "type": "ia.input.button"
          },
          {
            "meta": {
              "name": "SimpleGauge_2"
            },
            "position": {
              "height": 0.26,
              "width": 0.234,
              "x": 0.7108,
              "y": 0.2425
            },
            "propConfig": {
              "props.value": {
                "binding": {
                  "config": {
                    "fallbackDelay": 2.5,
                    "mode": "direct",
                    "tagPath": "[MQTT Engine]Edge Nodes/Sparkplug Devices/Node-Red/MQTT_Devices/Device3/D3_AI1"
                  },
                  "type": "tag"
                }
              }
            },
            "props": {
              "style": {
                "classes": []
              }
            },
            "type": "ia.chart.simple-gauge"
          },
          {
            "meta": {
              "name": "Label_5"
            },
            "position": {
              "height": 0.08,
              "width": 0.1489,
              "x": 0.7621,
              "y": 0.155
            },
            "props": {
              "text": "Analog Sensor 1"
            },
            "type": "ia.display.label"
          },
          {
            "meta": {
              "name": "SimpleGauge_3"
            },
            "position": {
              "height": 0.26,
              "width": 0.234,
              "x": 0.7108,
              "y": 0.655
            },
            "propConfig": {
              "props.value": {
                "binding": {
                  "config": {
                    "fallbackDelay": 2.5,
                    "mode": "direct",
                    "tagPath": "[MQTT Engine]Edge Nodes/Sparkplug Devices/Node-Red/MQTT_Devices/Device3/D3_AI2"
                  },
                  "type": "tag"
                }
              }
            },
            "props": {
              "style": {
                "classes": []
              }
            },
            "type": "ia.chart.simple-gauge"
          },
          {
            "meta": {
              "name": "Label_6"
            },
            "position": {
              "height": 0.08,
              "width": 0.1489,
              "x": 0.7621,
              "y": 0.5675
            },
            "props": {
              "text": "Analog Sensor 2"
            },
            "type": "ia.display.label"
          },
          {
            "meta": {
              "name": "Label_7"
            },
            "position": {
              "height": 0.08,
              "width": 0.0814,
              "x": 0.1301,
              "y": 0.0572
            },
            "props": {
              "text": "Device 1",
              "textStyle": {
                "fontStyle": "italic",
                "fontWeight": "bold"
              }
            },
            "type": "ia.display.label"
          },
          {
            "meta": {
              "name": "Label_8"
            },
            "position": {
              "height": 0.08,
              "width": 0.0814,
              "x": 0.4588,
              "y": 0.0522
            },
            "props": {
              "text": "Device 2",
              "textStyle": {
                "fontStyle": "italic",
                "fontWeight": "bold"
              }
            },
            "type": "ia.display.label"
          },
          {
            "meta": {
              "name": "Label_9"
            },
            "position": {
              "height": 0.0862,
              "width": 0.0814,
              "x": 0.7831,
              "y": 0.0553
            },
            "props": {
              "text": "Device 3",
              "textStyle": {
                "fontStyle": "italic",
                "fontWeight": "bold"
              }
            },
            "type": "ia.display.label"
          }
        ],
        "meta": {
          "name": "CoordinateContainer_0"
        },
        "position": {
          "basis": "400px",
          "shrink": 0
        },
        "props": {
          "mode": "percent"
        },
        "type": "ia.container.coord"
      }
    ],
    "meta": {
      "name": "root"
    },
    "props": {
      "alignContent": "center",
      "direction": "column",
      "justify": "space-evenly",
      "style": {
        "classes": "Page/Page"
      }
    },
    "type": "ia.container.flex"
  }
}