{
  "custom": {},
  "params": {},
  "propConfig": {
    "params.feature": {
      "paramDirection": "input"
    },
    "params.key": {
      "paramDirection": "input"
    },
    "params.tier1": {
      "paramDirection": "input"
    },
    "params.tier2": {
      "paramDirection": "input"
    }
  },
  "props": {},
  "root": {
    "children": [
      {
        "meta": {
          "name": "Title"
        },
        "position": {
          "basis": "56px",
          "shrink": 0
        },
        "props": {
          "params": {
            "icon": "show_chart",
            "text": "Charts"
          },
          "path": "Page/Embedded/Title"
        },
        "type": "ia.display.view"
      },
      {
        "children": [
          {
            "meta": {
              "name": "Thermometer"
            },
            "position": {
              "height": 0.289,
              "width": 0.1277,
              "x": 0.8096,
              "y": 0.0698
            },
            "propConfig": {
              "props.value": {
                "binding": {
                  "config": {
                    "fallbackDelay": 2.5,
                    "mode": "direct",
                    "publishInitial": false,
                    "tagPath": "[default]OPC-UA_Data/Sensors/Temperature"
                  },
                  "type": "tag"
                }
              }
            },
            "type": "ia.display.thermometer"
          },
          {
            "meta": {
              "name": "Progress"
            },
            "position": {
              "height": 0.0269,
              "width": 0.209,
              "x": 0.7559,
              "y": 0.4087
            },
            "propConfig": {
              "props.value": {
                "binding": {
                  "config": {
                    "fallbackDelay": 2.5,
                    "mode": "direct",
                    "publishInitial": false,
                    "tagPath": "[default]OPC-UA_Data/Sensors/Humidity"
                  },
                  "type": "tag"
                }
              }
            },
            "props": {
              "valueDisplay": {
                "enabled": true,
                "format": "0.##%"
              }
            },
            "type": "ia.display.progress"
          },
          {
            "meta": {
              "name": "TimeSeriesChart"
            },
            "position": {
              "height": 0.4691,
              "width": 0.7184
            },
            "propConfig": {
              "props.series[0].data": {
                "binding": {
                  "config": {
                    "aggregate": "MinMax",
                    "avoidScanClassValidation": true,
                    "dateRange": {
                      "mostRecent": "1",
                      "mostRecentUnits": "HOUR"
                    },
                    "enableValueCache": true,
                    "ignoreBadQuality": false,
                    "polling": {
                      "enabled": true,
                      "rate": "1"
                    },
                    "preventInterpolation": false,
                    "returnFormat": "Wide",
                    "returnSize": {
                      "numRows": "1000",
                      "type": "FIXED"
                    },
                    "tags": [
                      {
                        "alias": "Temperature",
                        "path": "[default]OPC-UA_Data/Sensors/Temperature"
                      },
                      {
                        "alias": "Humidity",
                        "path": "[default]OPC-UA_Data/Sensors/Humidity"
                      }
                    ],
                    "valueFormat": "DATASET"
                  },
                  "type": "tag-history"
                }
              }
            },
            "props": {
              "defaultStyles": {
                "colorScheme": "Dark2",
                "muted": {
                  "fill": {
                    "opacity": 0.8
                  }
                },
                "normal": {
                  "fill": {
                    "opacity": 1
                  },
                  "stroke": {
                    "opacity": 1,
                    "width": 1.5
                  }
                }
              },
              "legend": {
                "visible": true
              },
              "plots": [
                {
                  "axes": [
                    {
                      "alignment": "left",
                      "label": {
                        "font": {
                          "color": "",
                          "size": 10
                        },
                        "offset": 0,
                        "style": {
                          "classes": ""
                        },
                        "text": "",
                        "visible": true
                      },
                      "max": "",
                      "min": "",
                      "name": "",
                      "style": {
                        "classes": ""
                      },
                      "tick": {
                        "color": "",
                        "count": "Auto",
                        "label": {
                          "font": {
                            "color": "",
                            "size": 10
                          },
                          "format": "Auto",
                          "style": {
                            "classes": ""
                          }
                        },
                        "style": {
                          "classes": ""
                        }
                      },
                      "width": 60
                    }
                  ],
                  "markers": [],
                  "trends": [
                    {
                      "axis": "",
                      "baselines": [],
                      "breakLine": true,
                      "columns": [],
                      "interpolation": "curveLinear",
                      "radius": 2,
                      "series": "Environment",
                      "stack": true,
                      "type": "line",
                      "visible": true
                    }
                  ]
                }
              ],
              "series": [
                {
                  "name": "Environment"
                }
              ],
              "timeRange": {
                "visible": false
              },
              "title": {
                "font": {
                  "color": "var(--neutral-70)"
                },
                "height": 24,
                "text": "Temp \u0026 Humidity (Last Hour)",
                "visible": true
              }
            },
            "type": "ia.chart.timeseries"
          },
          {
            "meta": {
              "name": "TimeSeriesChart_0"
            },
            "position": {
              "height": 0.4288,
              "width": 0.8736,
              "x": 0.0677,
              "y": 0.5388
            },
            "propConfig": {
              "props.series[0].data": {
                "binding": {
                  "config": {
                    "aggregate": "MinMax",
                    "avoidScanClassValidation": true,
                    "dateRange": {
                      "mostRecent": "1",
                      "mostRecentUnits": "MIN"
                    },
                    "enableValueCache": true,
                    "ignoreBadQuality": false,
                    "polling": {
                      "enabled": true,
                      "rate": "2"
                    },
                    "preventInterpolation": false,
                    "returnFormat": "Wide",
                    "returnSize": {
                      "numRows": "500",
                      "type": "FIXED"
                    },
                    "tags": [
                      {
                        "path": "[MQTT Engine]Edge Nodes/Sparkplug Devices/Node-Red/MQTT_Devices/Device3/D3_AI1"
                      }
                    ],
                    "valueFormat": "DATASET"
                  },
                  "type": "tag-history"
                }
              }
            },
            "props": {
              "legend": {
                "visible": true
              },
              "plots": [
                {
                  "axes": [],
                  "markers": [],
                  "trends": [
                    {
                      "axis": "",
                      "baselines": [],
                      "breakLine": true,
                      "columns": [],
                      "interpolation": "curveLinear",
                      "radius": 2,
                      "series": "Boiler",
                      "stack": true,
                      "type": "bar",
                      "visible": true
                    }
                  ]
                }
              ],
              "series": [
                {
                  "name": "Boiler"
                }
              ],
              "title": {
                "text": "Device-3 Analog-1",
                "visible": true
              }
            },
            "type": "ia.chart.timeseries"
          }
        ],
        "meta": {
          "name": "CoordinateContainer"
        },
        "position": {
          "basis": "744px"
        },
        "props": {
          "mode": "percent"
        },
        "type": "ia.container.coord"
      }
    ],
    "meta": {
      "name": "root"
    },
    "props": {
      "direction": "column",
      "style": {
        "classes": "Page/Page"
      }
    },
    "type": "ia.container.flex"
  }
}